Model,Forecast_Multiplier,Total_Cost,CashOut_Days,Refill_Count,Total_Refilled,Delta_Cost_%,Delta_RefillCount,Delta_TotalRefilled,RefillDays_Jaccard_vs_Base
LSTM,0.9,963089.7605399999,0,305,96308976.05399999,-10.233018090240098,8,-10978774.971000016,0.9737704918032787
LSTM,0.901,964187.6366800001,0,306,96418763.668,-10.130688035829294,9,-10868987.357000008,0.9705882352941176
LSTM,0.902,965285.5155,0,306,96528551.55,-10.028357731622982,9,-10759199.475000009,0.9705882352941176
LSTM,0.903,966383.39167,0,306,96638339.16700001,-9.926027674415971,9,-10649411.857999995,0.9705882352941176
LSTM,0.904,967481.27006,0,306,96748127.00600001,-9.82369741028879,9,-10539624.018999994,0.9705882352941176
LSTM,0.905,968579.14749,0,306,96857914.749,-9.721367235640589,9,-10429836.276000008,0.9705882352941176
LSTM,0.906,969677.02471,0,305,96967702.471,-9.619037080565928,8,-10320048.554000005,0.9737704918032787
LSTM,0.907,970774.90282,0,306,97077490.282,-9.516706842536793,9,-10210260.743,0.9705882352941176
LSTM,0.908,971872.7813900001,0,306,97187278.139,-9.414376561632276,9,-10100472.886000007,0.9705882352941176
LSTM,0.909,972970.6581,0,306,97297065.81,-9.312046454093338,9,-9990685.215000004,0.9705882352941176
LSTM,0.91,974068.53638,0,306,97406853.638,-9.209716200218965,9,-9880897.38700001,0.9705882352941176
LSTM,0.911,975166.4131,0,306,97516641.31,-9.107386091747937,9,-9771109.715000004,0.9705882352941176
LSTM,0.912,976264.29062,0,306,97626429.062,-9.00505590871109,9,-9661321.963,0.9705882352941176
LSTM,0.913,977362.16767,0,306,97736216.76699999,-8.902725769481668,9,-9551534.258000016,0.9705882352941176
LSTM,0.914,978460.04622,0,305,97846004.62200001,-8.800395490441314,8,-9441746.402999997,0.9737704918032787
LSTM,0.915,979557.9230800001,0,306,97955792.308,-8.69806536892127,9,-9331958.717000008,0.9705882352941176
LSTM,0.916,980655.80002,0,306,98065580.002,-8.595735239944657,9,-9222171.023000002,0.9705882352941176
LSTM,0.917,981753.6778899999,0,306,98175367.789,-8.493405024285261,9,-9112383.236000001,0.9705882352941176
LSTM,0.918,982851.5546400001,0,306,98285155.464,-8.391074913018004,9,-9002595.561000004,0.9705882352941176
LSTM,0.919,983949.4327,0,306,98394943.27,-8.288744679649229,9,-8892807.75500001,0.9705882352941176
LSTM,0.92,985047.31225,0,306,98504731.225,-8.186414307401602,9,-8783019.800000012,0.9705882352941176
LSTM,0.921,986145.1884100001,0,306,98614518.84099999,-8.084084251126654,9,-8673232.184000015,0.9705882352941176
LSTM,0.922,987243.06538,0,306,98724306.53799999,-7.981754119353813,9,-8563444.487000018,0.9705882352941176
LSTM,0.923,988340.94372,0,306,98834094.37200001,-7.879423859887003,9,-8453656.652999997,0.9705882352941176
LSTM,0.924,989438.8213099998,0,297,98943882.13100001,-7.777093670325652,0,-8343868.893999994,1.0
LSTM,0.925,990536.69896,0,297,99053669.896,-7.6747634751718525,0,-8234081.129000008,1.0
LSTM,0.926,991634.5744300002,0,297,99163457.443,-7.572433483209917,0,-8124293.582000002,1.0
LSTM,0.927,992732.4526780001,0,298,99273245.2678,-7.47010323231817,1,-8014505.757200003,0.9966442953020134
LSTM,0.928,993830.33074,0,297,99383033.074,-7.3677729987629785,0,-7904717.951000005,1.0
LSTM,0.929,994928.2082,0,297,99492820.82,-7.265442821318569,0,-7794930.205000013,1.0
LSTM,0.93,996026.086443,0,298,99602608.6443,-7.16311257089286,1,-7685142.380700007,0.9966442953020134
LSTM,0.931,997123.96417,0,297,99712396.417,-7.060782368562091,0,-7575354.60800001,1.0
LSTM,0.932,998221.8406400001,0,297,99822184.06400001,-6.958452283392891,0,-7465566.9609999955,1.0
LSTM,0.933,999319.71906,0,297,99931971.906,-6.85612201646949,0,-7355779.119000003,1.0
LSTM,0.934,1000417.59763,0,298,100041759.76299998,-6.753791735565007,1,-7245991.262000024,0.9966442953020134
LSTM,0.935,1001515.4728600001,0,297,100151547.28600001,-6.651461765972833,0,-7136203.738999993,1.0
LSTM,0.936,1002613.3514,0,297,100261335.14,-6.549131487864557,0,-7026415.885000005,1.0
LSTM,0.937,1003711.2284349999,0,298,100371122.84349999,-6.446801350033249,1,-6916628.181500018,0.9966442953020134
LSTM,0.938,1004809.106577,0,298,100480910.6577,-6.344471109021466,1,-6806840.367300004,0.9966442953020134
LSTM,0.939,1005906.982728,0,298,100590698.27280001,-6.242141053585382,1,-6697052.752199993,0.9966442953020134
LSTM,0.94,1007004.86066,0,297,100700486.066,-6.139810832147141,0,-6587264.959000006,1.0
LSTM,0.941,1008102.73811,0,297,100810273.81099999,-6.037480655634797,0,-6477477.214000016,1.0
LSTM,0.942,1009200.61545,0,297,100920061.545,-5.935150489375262,0,-6367689.480000004,1.0
LSTM,0.943,1010298.4937700001,0,297,101029849.377,-5.832820231772584,0,-6257901.648000002,1.0
LSTM,0.944,1011396.37152,0,297,101139637.15200001,-5.730490027298063,0,-6148113.872999996,1.0
LSTM,0.945,1012494.2483180001,0,298,101249424.83179998,-5.628159911556874,1,-6038326.193200022,0.9966442953020134
LSTM,0.946,1013592.12536,0,298,101359212.536,-5.525829773073121,1,-5928538.4890000075,0.9966442953020134
LSTM,0.947,1014690.003262,0,298,101469000.3262,-5.423499554431077,1,-5818750.6988000125,0.9966442953020134
LSTM,0.948,1015787.8811900001,0,297,101578788.119,-5.321169333365649,0,-5708962.906000003,1.0
LSTM,0.949,1016885.75831,0,297,101688575.831,-5.218839187611735,0,-5599175.194000006,1.0
LSTM,0.95,1017983.635727,0,298,101798363.5727,-5.116509014175241,1,-5489387.452300012,0.9966442953020134
LSTM,0.951,1019081.513269,0,298,101908151.3269,-5.0141788290878235,1,-5379599.698100001,0.9966442953020134
LSTM,0.952,1020179.39028,0,297,102017939.028,-4.911848693493481,0,-5269811.997000009,1.0
LSTM,0.953,1021277.2685,0,297,102127726.85,-4.809518445211536,0,-5160024.175000012,1.0
LSTM,0.954,1022375.146444,0,298,102237514.6444,-4.707188222654802,1,-5050236.380600005,0.9966442953020134
LSTM,0.955,1023473.02456,0,297,102347302.456,-4.604857984066402,0,-4940448.569000006,1.0
LSTM,0.956,1024570.90268,0,297,102457090.268,-4.502527745105189,0,-4830660.756999999,1.0
LSTM,0.957,1025668.77899,0,297,102566877.89899999,-4.40019767484916,0,-4720873.126000017,1.0
LSTM,0.958,1026766.6556200001,0,297,102676665.562,-4.297867574766789,0,-4611085.4629999995,1.0
LSTM,0.959,1027864.5350299999,0,297,102786453.503,-4.195537215568191,0,-4501297.522,1.0
LSTM,0.96,1028962.4095600001,0,297,102896240.956,-4.093207311221104,0,-4391510.069000006,1.0
LSTM,0.961,1030060.28819,0,297,103006028.819,-3.990877024724182,0,-4281722.206,1.0
LSTM,0.962,1031158.16671,0,297,103115816.671,-3.8885467484800484,0,-4171934.354000002,1.0
LSTM,0.963,1032256.0433100001,0,297,103225604.331,-3.7862166511938966,0,-4062146.6940000057,1.0
LSTM,0.964,1033353.92086,0,297,103335392.086,-3.6838864653608416,0,-3952358.9390000105,1.0
LSTM,0.965,1034451.7978800001,0,297,103445179.78799999,-3.5815563289276264,0,-3842571.2370000184,1.0
LSTM,0.966,1035549.67611,0,297,103554967.611,-3.4792260797136043,0,-3732783.4140000045,1.0
LSTM,0.967,1036647.55333,0,297,103664755.333,-3.376895924638945,0,-3622995.6920000017,1.0
LSTM,0.968,1037745.43134,0,297,103774543.134,-3.2745656959305314,0,-3513207.8910000026,1.0
LSTM,0.969,1038843.308489,0,298,103884330.84889999,-3.1722355474735897,1,-3403420.1761000156,0.9966442953020134
LSTM,0.97,1039941.1861,0,297,103994118.61,-3.0699053559548717,0,-3293632.4150000066,1.0
LSTM,0.971,1041039.0649199999,0,297,104103906.492,-2.967575051748561,0,-3183844.5330000073,1.0
LSTM,0.972,1042136.9416800002,0,297,104213694.168,-2.8652449395492274,0,-3074056.857000008,1.0
LSTM,0.973,1043234.8191300002,0,297,104323481.913,-2.7629147630368833,0,-2964269.1120000035,1.0
LSTM,0.974,1044332.69608,0,297,104433269.60800001,-2.6605846331282046,0,-2854481.4169999957,1.0
LSTM,0.975,1045430.5737000001,0,297,104543057.37,-2.5582544407706242,0,-2744693.655000001,1.0
LSTM,0.976,1046528.45156,0,297,104652845.156,-2.4559242260433156,0,-2634905.8690000027,1.0
LSTM,0.977,1047626.32849,0,297,104762632.84899999,-2.353594097998757,0,-2525118.176000014,1.0
LSTM,0.978,1048724.20663,0,297,104872420.663,-2.2512638571734023,0,-2415330.3620000035,1.0
LSTM,0.979,1049822.083966,0,298,104982208.3966,-2.148933691286692,1,-2305542.628400013,0.9966442953020134
LSTM,0.98,1050919.96139,0,297,105091996.139,-2.0466035171977315,0,-2195754.8860000074,1.0
LSTM,0.981,1052017.8392599998,0,297,105201783.926,-1.9442733015383573,0,-2085967.099000007,1.0
LSTM,0.982,1053115.71666,0,297,105311571.66600001,-1.8419431296863742,0,-1976179.3589999974,1.0
LSTM,0.983,1054213.59339,0,297,105421359.339,-1.7396130202832705,0,-1866391.6860000044,1.0
LSTM,0.984,1055311.47159,0,297,105531147.159,-1.6372827738654783,0,-1756603.8660000116,1.0
LSTM,0.985,1056409.3488099999,0,297,105640934.881,-1.5349526187908191,0,-1646816.1440000087,1.0
LSTM,0.986,1057507.22573,0,297,105750722.573,-1.432622491678326,0,-1537028.452000007,1.0
LSTM,0.987,1058605.10345,0,297,105860510.345,-1.3302922900000236,0,-1427240.6800000072,1.0
LSTM,0.988,1059702.9807600002,0,297,105970298.07599999,-1.227962126536697,0,-1317452.9490000159,1.0
LSTM,0.989,1060800.85897,0,297,106080085.89700001,-1.1256318791868392,0,-1207665.1279999912,1.0
LSTM,0.99,1061898.73719,0,297,106189873.719,-1.0233016309048937,0,-1097877.3060000092,1.0
LSTM,0.991,1062996.61381,0,297,106299661.38100001,-0.9209715317545997,0,-988089.6439999938,1.0
LSTM,0.992,1064094.49061,0,297,106409449.061,-0.8186414158270039,0,-878301.9640000015,1.0
LSTM,0.993,1065192.369839,0,298,106519236.9839,-0.7163110734988987,1,-768514.0411000103,0.9966442953020134
LSTM,0.994,1066290.24605,0,297,106629024.60499999,-0.6139810124703882,0,-658726.4200000167,1.0
LSTM,0.995,1067388.12346,0,297,106738812.346,-0.5116508396863506,0,-548938.6790000051,1.0
LSTM,0.996,1068486.002694,0,298,106848600.2694,-0.40932049689220706,1,-439150.7556000054,0.9966442953020134
LSTM,0.997,1069583.8781060001,0,298,106958387.8106,-0.3069905103363024,1,-329363.2144000083,0.9966442953020134
LSTM,0.998,1070681.7563300002,0,297,107068175.633,-0.20466026168152185,0,-219575.39200000465,1.0
LSTM,0.999,1071779.63424,0,297,107177963.42400001,-0.10233004229385223,0,-109787.60099999607,1.0
LSTM,1.0,1072877.51025,0,297,107287751.025,0.0,0,0.0,1.0
LSTM,1.001,1073975.38967,0,297,107397538.96700001,0.10233036013067576,0,109787.94200000167,1.0
LSTM,1.002,1075073.267974,0,298,107507326.7974,0.20466061624204723,1,219575.77239999175,0.9966442953020134
LSTM,1.003,1076171.1447,0,297,107617114.47,0.30699072527231586,0,329363.44499999285,1.0
LSTM,1.004,1077269.02211,0,297,107726902.211,0.4093208980563645,0,439151.1859999895,1.0
LSTM,1.005,1078366.89842,0,297,107836689.84200001,0.5116509683123827,0,548938.8170000017,1.0
LSTM,1.006,1079464.776741,0,298,107946477.67410001,0.6139812260082644,1,658726.6491000056,0.9966442953020134
LSTM,1.007,1080562.65406,0,297,108056265.406,0.7163113903104534,0,768514.3809999973,1.0
LSTM,1.008,1081660.52908,0,297,108166052.90799999,0.818641340329096,0,878301.8829999864,1.0
LSTM,1.009,1082758.410096,0,298,108275841.00959998,0.9209718492185992,1,988089.9845999777,0.9966442953020134
LSTM,1.01,1083856.287,0,297,108385628.7,1.0233019748397743,0,1097877.674999997,1.0
LSTM,1.011,1084954.1637300001,0,297,108495416.373,1.125632084242878,0,1207665.34799999,1.0
LSTM,1.012,1086052.04233,0,297,108605204.233,1.2279623679435803,0,1317453.2079999894,1.0
LSTM,1.013,1087149.918963,0,299,108714991.89630002,1.3302924683055606,2,1427240.8713000119,0.9933110367892977
LSTM,1.014,1088247.79677,0,298,108824779.677,1.4326226780928986,1,1537028.651999995,0.9966442953020134
LSTM,1.015,1089345.6742,0,298,108934567.42,1.5349528527411005,1,1646816.3949999958,0.9966442953020134
LSTM,1.016,1090443.55311,0,298,109044355.31099999,1.6372831653360675,1,1756604.2859999835,0.9966442953020134
LSTM,1.017,1091541.42943,0,298,109154142.94299999,1.7396132365241623,1,1866391.9179999828,0.9966442953020134
LSTM,1.018,1092639.30685,0,298,109263930.685,1.8419434102402876,1,1976179.6599999964,0.9966442953020134
LSTM,1.019,1093737.1832730002,0,299,109373718.32730001,1.9442734910287696,2,2085967.3023000062,0.9933110367892977
LSTM,1.02,1094835.0617749998,0,299,109483506.17750001,2.046603765595134,2,2195755.1525000036,0.9933110367892977
LSTM,1.021,1095932.93961,0,298,109593293.961,2.1489339779922956,1,2305542.9359999895,0.9966442953020134
LSTM,1.022,1097030.8172980002,0,299,109703081.7298,2.2512641766879726,2,2415330.704799995,0.9933110367892977
LSTM,1.023,1098128.6933300002,0,298,109812869.333,2.3535942210323846,1,2525118.3079999983,0.9966442953020134
LSTM,1.024,1099226.5710399998,0,298,109922657.104,2.455924421778577,1,2634906.078999996,0.9966442953020134
LSTM,1.025,1100324.44986,0,298,110032444.986,2.558254725984921,1,2744693.9609999955,0.9966442953020134
LSTM,1.026,1101422.32807,0,298,110142232.80700001,2.6605849733347897,1,2854481.7820000052,0.9966442953020134
LSTM,1.027,1102520.2052900002,0,298,110252020.529,2.762915128409471,1,2964269.503999993,0.9966442953020134
LSTM,1.028,1103618.08062,0,298,110361808.062,2.865245107322334,1,3074057.0370000005,0.9966442953020134
LSTM,1.029,1104715.95903,0,299,110471595.903,2.967575373313691,2,3183844.877999991,0.9933110367892977
LSTM,1.03,1105813.83724,0,298,110581383.724,3.06990562066356,1,3293632.699000001,0.9966442953020134
LSTM,1.031,1106911.71576,0,298,110691171.576,3.1722358969076936,1,3403420.550999999,0.9966442953020134
LSTM,1.032,1108009.59177,0,298,110800959.17699999,3.274565939201546,1,3513208.15199998,0.9966442953020134
LSTM,1.033,1109107.4711,0,298,110910747.11000001,3.376896290943554,1,3622996.0850000083,0.9966442953020134
LSTM,1.034,1110205.34739,0,298,111020534.739,3.4792263593354633,1,3732783.7139999866,0.9966442953020134
LSTM,1.035,1111303.22352,0,298,111130322.352,3.5815564128141686,1,3842571.326999992,0.9966442953020134
LSTM,1.036,1112401.1015400002,0,298,111240110.154,3.6838866424546923,1,3952359.128999993,0.9966442953020134
LSTM,1.037,1113498.97907,0,298,111349897.907,3.786216826423572,1,4062146.8819999993,0.9966442953020134
LSTM,1.038,1114596.85828,0,298,111459685.828,3.888547166980749,1,4171934.802999988,0.9966442953020134
LSTM,1.039,1115694.7355799999,0,298,111569473.558,3.990877329511977,1,4281722.532999992,0.9966442953020134
LSTM,1.04,1116792.6121999999,0,298,111679261.22,4.09320742866226,1,4391510.194999993,0.9966442953020134
LSTM,1.041,1117890.48942,0,298,111789048.942,4.195537583736941,1,4501297.916999996,0.9966442953020134
LSTM,1.042,1118988.3663400002,0,298,111898836.634,4.2978677108494345,1,4611085.608999997,0.9966442953020134
LSTM,1.043,1120086.243943,0,299,112008624.3943,4.400197901622471,2,4720873.369299993,0.9933110367892977
LSTM,1.044,1121184.12226,0,298,112118412.226,4.50252815894554,1,4830661.20099999,0.9966442953020134
LSTM,1.045,1122281.99909,0,298,112228199.909,4.604858277669344,1,4940448.883999988,0.9966442953020134
LSTM,1.046,1123379.87679,0,298,112337987.67899999,4.707188477483504,1,5050236.653999984,0.9966442953020134
LSTM,1.047,1124477.75551,0,298,112447775.551,4.8095187723691035,1,5160024.525999993,0.9966442953020134
LSTM,1.048,1125575.63103,0,298,112557563.10299999,4.911848768991378,1,5269812.077999979,0.9966442953020134
LSTM,1.049,1126673.50984,0,298,112667350.984,5.014179072265623,1,5379599.958999991,0.9966442953020134
LSTM,1.05,1127771.3867600001,0,298,112777138.676,5.116509199378116,1,5489387.650999993,0.9966442953020134
LSTM,1.051,1128869.26508,0,298,112886926.50799999,5.218839456980784,1,5599175.48299998,0.9966442953020134
LSTM,1.052,1129967.142888,0,299,112996714.2888,5.321169666861314,2,5708963.263799995,0.9933110367892977
LSTM,1.053,1131065.0189999999,0,298,113106501.9,5.423499718662295,1,5818750.875,0.9966442953020134
LSTM,1.054,1132162.8977100002,0,298,113216289.771,5.52583001261584,1,5928538.745999992,0.9966442953020134
LSTM,1.055,1133260.77617,0,298,113326077.617,5.628160283267514,1,6038326.591999993,0.9966442953020134
LSTM,1.056,1134358.65195,0,298,113435865.195,5.730490304123692,1,6148114.169999987,0.9966442953020134
LSTM,1.057,1135456.5290199998,0,298,113545652.90200001,5.832820445217246,1,6257901.877000004,0.9966442953020134
LSTM,1.058,1136554.40662,0,298,113655440.662,5.9351506357107064,1,6367689.6369999945,0.9966442953020134
LSTM,1.059,1137652.28375,0,299,113765228.37499999,6.037480782396698,2,6477477.349999979,0.9933110367892977
LSTM,1.06,1138750.1622600001,0,298,113875016.226,6.139811057708777,1,6587265.20099999,0.9966442953020134
LSTM,1.061,1139848.041333,0,299,113984804.1333,6.242141385496525,2,6697053.1083,0.9933110367892977
LSTM,1.062,1140945.9174200003,0,298,114094591.742,6.344471434967369,1,6806840.716999993,0.9966442953020134
LSTM,1.063,1142043.79469,0,298,114204379.469,6.446801594702345,1,6916628.443999991,0.9966442953020134
LSTM,1.064,1143141.67317,0,298,114314167.317,6.549131867218216,1,7026416.291999996,0.9966442953020134
LSTM,1.065,1144239.55064,0,298,114423955.06400001,6.6514620455946805,1,7136204.0390000045,0.9966442953020134
LSTM,1.066,1145337.4276200002,0,298,114533742.762,6.753792178299611,1,7245991.736999989,0.9966442953020134
LSTM,1.067,1146435.30329,0,298,114643530.329,6.856122188902969,1,7355779.30399999,0.9966442953020134
LSTM,1.068,1147533.18138,0,298,114753318.13800001,6.9584524250679625,1,7465567.1130000055,0.9966442953020134
LSTM,1.069,1148631.05935,0,298,114863105.935,7.060782650048103,1,7575354.909999996,0.9966442953020134
LSTM,1.07,1149728.9370400002,0,298,114972893.704,7.163112848930209,1,7685142.67899999,0.9966442953020134
LSTM,1.071,1150826.813,0,298,115082681.30000001,7.265442886563678,1,7794930.275000006,0.9966442953020134
LSTM,1.072,1151924.69099,0,298,115192469.099,7.367773113407927,1,7904718.074000001,0.9966442953020134
LSTM,1.073,1153022.5708500003,0,298,115302257.08500001,7.470103514549842,1,8014506.060000002,0.9966442953020134
LSTM,1.074,1154120.448515,0,299,115412044.8515,7.572433711101745,2,8124293.826499999,0.9933110367892977
LSTM,1.075,1155218.3272100003,0,298,115521832.721,7.674764003657164,1,8234081.695999995,0.9966442953020134
LSTM,1.076,1156316.20348,0,298,115631620.34799999,7.777094070184876,1,8343869.322999984,0.9966442953020134
LSTM,1.077,1157414.08086,0,298,115741408.086,7.879424240172717,1,8453657.06099999,0.9966442953020134
LSTM,1.078,1158511.9591299999,0,298,115851195.913,7.981754493115001,1,8563444.887999997,0.9966442953020134
LSTM,1.079,1159609.8360300001,0,298,115960983.603,8.084084618363363,1,8673232.577999994,0.9966442953020134
LSTM,1.08,1160707.7136,0,298,116070771.36,8.186414806060549,1,8783020.334999993,0.9966442953020134
LSTM,1.081,1161805.59007,0,298,116180559.007,8.288744891229749,1,8892807.981999993,0.9966442953020134
LSTM,1.082,1162903.46765,0,298,116290346.76500002,8.391075079859057,1,9002595.74000001,0.9966442953020134
LSTM,1.083,1164001.3462200002,0,298,116400134.62200001,8.49340536076355,1,9112383.597000003,0.9966442953020134
LSTM,1.084,1165099.22461,0,298,116509922.461,8.595735624890732,1,9222171.43599999,0.9966442953020134
LSTM,1.085,1166197.10238,0,298,116619710.238,8.698065831229407,1,9331959.213,0.9966442953020134
LSTM,1.086,1167294.97916,0,298,116729497.91600001,8.800395945292872,1,9441746.891000003,0.9966442953020134
LSTM,1.087,1168392.85653,0,298,116839285.653,8.902726114348614,1,9551534.627999991,0.9966442953020134
LSTM,1.088,1169490.734789,0,299,116949073.4789,9.005056366265629,2,9661322.453899994,0.9933110367892977
LSTM,1.089,1170588.6127900002,0,298,117058861.279,9.107386594135214,1,9771110.253999993,0.9966442953020134
LSTM,1.09,1171686.4881044,0,300,117168648.81044,9.209716571594061,3,9880897.785439998,0.9768211920529801
LSTM,1.091,1172784.3666446,0,301,117278436.66445999,9.312046849720979,4,9990685.639459983,0.9735973597359736
LSTM,1.092,1173882.243877,0,300,117388224.3877,9.414377005951401,3,10100473.3627,0.9768211920529801
LSTM,1.093,1174980.120703,0,300,117498012.07030001,9.516707124302414,3,10210261.045300007,0.9768211920529801
LSTM,1.094,1176077.9993389999,0,300,117607799.9339,9.619037411358565,3,10320048.908899993,0.9768211920529801
LSTM,1.095,1177175.876845,0,300,117717587.6845,9.721367593090523,3,10429836.659499988,0.9768211920529801
LSTM,1.096,1178273.753102,0,300,117827375.31019999,9.823697658406584,3,10539624.285199985,0.9768211920529801
LSTM,1.097,1179371.632118,0,300,117937163.21180001,9.926027980881514,3,10649412.186800003,0.9768211920529801
LSTM,1.098,1180469.508754,0,300,118046950.8754,10.028358081523137,3,10759199.8504,0.9768211920529801
LSTM,1.099,1181567.3870799998,0,300,118156738.708,10.130688339685022,3,10868987.682999998,0.9768211920529801
LSTM,1.1,1182665.2643849999,0,301,118266526.4385,10.233018502682324,4,10978775.413499996,0.9735973597359736
LinearRegression,0.9,1152933.772893,0,405,115293377.2893,-10.194732053741994,11,-13088153.02170001,0.9583333333333334
LinearRegression,0.901,1154242.589404,0,405,115424258.9404,-10.092784639045382,11,-12957271.3706,0.9583333333333334
LinearRegression,0.902,1155551.404954,0,405,115555140.49540001,-9.990837299203791,11,-12826389.815599993,0.9583333333333334
LinearRegression,0.903,1156860.219176,0,406,115686021.9176,-9.888890062803856,12,-12695508.393399999,0.9559902200488998
LinearRegression,0.904,1158169.0348900002,0,405,115816903.489,-9.786942710187818,11,-12564626.822000012,0.9583333333333334
LinearRegression,0.905,1159477.85003,0,405,115947785.00299999,-9.684995402282281,11,-12433745.308000013,0.9583333333333334
LinearRegression,0.906,1160786.6653800001,0,404,116078666.53799999,-9.583048078019251,10,-12302863.773000017,0.9606879606879607
LinearRegression,0.907,1162095.48061,0,405,116209548.06099999,-9.481100763103367,11,-12171982.250000015,0.9583333333333334
LinearRegression,0.908,1163404.2964599999,0,405,116340429.646,-9.379153399893925,11,-12041100.665000007,0.9583333333333334
LinearRegression,0.909,1164713.11087,0,405,116471311.08699998,-9.277206148850137,11,-11910219.224000022,0.9583333333333334
LinearRegression,0.91,1166021.9270300001,0,405,116602192.703,-9.17525876149391,11,-11779337.60800001,0.9583333333333334
LinearRegression,0.911,1167330.74145,0,405,116733074.145,-9.0733115096712,11,-11648456.166000009,0.9583333333333334
LinearRegression,0.912,1168639.5564899999,0,405,116863955.64899999,-8.971364209554967,11,-11517574.662000015,0.9583333333333334
LinearRegression,0.913,1169948.37212,0,405,116994837.212,-8.869416863481927,11,-11386693.099000007,0.9583333333333334
LinearRegression,0.914,1171257.18757,0,405,117125718.757,-8.767469531429606,11,-11255811.554000005,0.9583333333333334
LinearRegression,0.915,1172566.00311,0,405,117256600.311,-8.665522192366948,11,-11124930.0,0.9583333333333334
LinearRegression,0.916,1173874.81904,0,405,117387481.904,-8.563574822926068,11,-10994048.407000005,0.9583333333333334
LinearRegression,0.917,1175183.63468,0,405,117518363.468,-8.46162747607413,11,-10863166.84300001,0.9583333333333334
LinearRegression,0.918,1176492.44981,0,405,117649244.981,-8.359680168947515,11,-10732285.329999998,0.9583333333333334
LinearRegression,0.919,1177801.2632300002,0,404,117780126.32300001,-8.257732995017609,10,-10601403.98799999,0.9655172413793104
LinearRegression,0.92,1179110.08047,0,404,117911008.047,-8.155785523537162,10,-10470522.263999999,0.9655172413793104
LinearRegression,0.921,1180418.8953200001,0,404,118041889.532,-8.053838238220523,10,-10339640.779,0.9655172413793104
LinearRegression,0.922,1181727.71043,0,404,118172771.04300001,-7.951890932651773,10,-10208759.267999992,0.9655172413793104
LinearRegression,0.923,1183036.52501,0,404,118303652.50099999,-7.849943668366222,10,-10077877.810000017,0.9655172413793104
LinearRegression,0.924,1184345.34105,0,404,118434534.10499999,-7.74799629035714,10,-9946996.206000015,0.9655172413793104
LinearRegression,0.925,1185654.15608,0,404,118565415.60800001,-7.646048991019794,10,-9816114.702999994,0.9655172413793104
LinearRegression,0.926,1186962.9711,0,404,118696297.11,-7.544101692461402,10,-9685233.201000005,0.9655172413793104
LinearRegression,0.927,1188271.78626,0,405,118827178.626,-7.442154382998012,11,-9554351.685000002,0.9679802955665024
LinearRegression,0.928,1189580.6016000002,0,405,118958060.16,-7.340207059513881,11,-9423470.151000008,0.9679802955665024
LinearRegression,0.929,1190889.4172919998,0,404,119088941.7292,-7.238259708611539,10,-9292588.581799999,0.9655172413793104
LinearRegression,0.93,1192198.2321549999,0,404,119219823.2155,-7.136312422282298,10,-9161707.095500007,0.9655172413793104
LinearRegression,0.931,1193507.04794,0,403,119350704.794,-7.0343650641358835,9,-9030825.517000005,0.9679012345679012
LinearRegression,0.932,1194815.862923,0,404,119481586.29229999,-6.9324177684595085,10,-8899944.018700019,0.9655172413793104
LinearRegression,0.933,1196124.6790760001,0,404,119612467.9076,-6.830470381648535,10,-8769062.403400004,0.9655172413793104
LinearRegression,0.934,1197433.49445,0,404,119743349.445,-6.728523055516067,10,-8638180.866000012,0.9655172413793104
LinearRegression,0.935,1198742.30985,0,398,119874230.985,-6.6265757273583965,4,-8507299.326000005,0.98
LinearRegression,0.936,1200051.124527,0,404,120005112.45269999,-6.524628455517245,10,-8376417.858300015,0.9655172413793104
LinearRegression,0.937,1201359.938521,0,404,120135993.85209998,-6.422681236876871,10,-8245536.4589000195,0.9655172413793104
LinearRegression,0.938,1202668.7555900002,0,404,120266875.559,-6.320733778716059,10,-8114654.752000004,0.9655172413793104
LinearRegression,0.939,1203977.57061,0,397,120397757.061,-6.218786480157668,3,-7983773.25,0.9824561403508771
LinearRegression,0.94,1205286.38674,0,397,120528638.674,-6.116839095138237,3,-7852891.637000009,0.9824561403508771
LinearRegression,0.941,1206595.202,0,398,120659520.2,-6.0148917778855555,4,-7722010.111000001,0.98
LinearRegression,0.942,1207904.01693,0,394,120790401.69299999,-5.912944486337524,0,-7591128.618000016,0.9949367088607595
LinearRegression,0.943,1209212.83152,0,394,120921283.152,-5.810997221273029,0,-7460247.159000009,0.9949367088607595
LinearRegression,0.944,1210521.64717,0,395,121052164.71700001,-5.709049873642147,1,-7329365.593999997,0.9924242424242424
LinearRegression,0.945,1211830.46391,0,394,121183046.391,-5.607102441108092,0,-7198483.920000002,0.9949367088607595
LinearRegression,0.946,1213139.2776900001,0,394,121313927.769,-5.505155239136772,0,-7067602.542000011,0.9949367088607595
LinearRegression,0.947,1214448.09362,0,394,121444809.36200002,-5.403207869695914,0,-6936720.948999986,0.9949367088607595
LinearRegression,0.948,1215756.9083099999,0,394,121575690.831,-5.301260596842161,0,-6805839.480000004,0.9949367088607595
LinearRegression,0.949,1217065.72487,0,394,121706572.48699999,-5.19931317832879,0,-6674957.824000016,0.9949367088607595
LinearRegression,0.95,1218374.5403,0,394,121837454.03,-5.097365847834334,0,-6544076.281000003,1.0
LinearRegression,0.951,1219683.35369,0,394,121968335.369,-4.995418676241236,0,-6413194.942000002,1.0
LinearRegression,0.952,1220992.1698500002,0,394,122099216.98500001,-4.8934712888849985,0,-6282313.32599999,1.0
LinearRegression,0.953,1222300.98599,0,394,122230098.599,-4.7915239030866585,0,-6151431.7119999975,1.0
LinearRegression,0.954,1223609.80046,0,394,122360980.046,-4.689576647369298,0,-6020550.265000001,1.0
LinearRegression,0.955,1224918.61494,0,394,122491861.494,-4.587629390873027,0,-5889668.817000002,1.0
LinearRegression,0.956,1226227.43088,0,394,122622743.088,-4.485682020653215,0,-5758787.223000005,1.0
LinearRegression,0.957,1227536.24698,0,394,122753624.698,-4.383734637970571,0,-5627905.6130000055,1.0
LinearRegression,0.958,1228845.0614200002,0,394,122884506.142,-4.281787384589997,0,-5497024.169,1.0
LinearRegression,0.959,1230153.8764,0,394,123015387.63999999,-4.179840089147325,0,-5366142.671000019,1.0
LinearRegression,0.96,1231462.6913299998,0,394,123146269.133,-4.077892797599292,0,-5235261.178000003,1.0
LinearRegression,0.961,1232771.50739,0,394,123277150.739,-3.975945418032345,0,-5104379.572000012,1.0
LinearRegression,0.962,1234080.3225200002,0,394,123408032.252,-3.8739981109057076,0,-4973498.059,1.0
LinearRegression,0.963,1235389.13734,0,394,123538913.734,-3.772050827925899,0,-4842616.577000007,1.0
LinearRegression,0.964,1236697.95345,0,394,123669795.345,-3.670103444464312,0,-4711734.966000006,1.0
LinearRegression,0.965,1238006.7677700003,0,394,123800676.777,-3.568156200430861,0,-4580853.534000009,1.0
LinearRegression,0.966,1239315.58349,0,394,123931558.349,-3.466208847347496,0,-4449971.9619999975,1.0
LinearRegression,0.967,1240624.39935,0,394,124062439.935,-3.364261483359121,0,-4319090.376000002,1.0
LinearRegression,0.968,1241933.21436,0,394,124193321.436,-3.262314185579651,0,-4188208.875,1.0
LinearRegression,0.969,1243242.02874,0,394,124324202.87399998,-3.1603669368726606,0,-4057327.4370000213,1.0
LinearRegression,0.97,1244550.84583,0,394,124455084.583,-3.058419477076113,0,-3926445.728,1.0
LinearRegression,0.971,1245859.6602,0,394,124585966.02000001,-2.956472229148044,0,-3795564.2909999937,1.0
LinearRegression,0.972,1247168.47676,0,394,124716847.676,-2.8545248106346954,0,-3664682.6350000054,1.0
LinearRegression,0.973,1248477.29123,0,394,124847729.123,-2.752577554917346,0,-3533801.1880000085,1.0
LinearRegression,0.974,1249786.10592,0,394,124978610.59200001,-2.650630282063582,0,-3402919.718999997,1.0
LinearRegression,0.975,1251094.92251,0,394,125109492.25099999,-2.548682861213447,0,-3272038.0600000173,1.0
LinearRegression,0.976,1252403.7371500002,0,394,125240373.715,-2.446735592254301,0,-3141156.596000001,1.0
LinearRegression,0.977,1253712.55131,0,394,125371255.131,-2.344788360683736,0,-3010275.180000007,1.0
LinearRegression,0.978,1255021.3670299998,0,394,125502136.70300001,-2.2428410076003713,0,-2879393.6079999954,1.0
LinearRegression,0.979,1256330.1834999998,0,394,125633018.35,-2.140893596097382,0,-2748511.9610000104,1.0
LinearRegression,0.98,1257638.9971599998,0,394,125763899.71599999,-2.0389464034732185,0,-2617630.5950000137,1.0
LinearRegression,0.981,1258947.8136399998,0,394,125894781.364,-1.9369989911912966,0,-2486748.947000012,1.0
LinearRegression,0.982,1260256.62843,0,394,126025662.843,-1.83505171054823,0,-2355867.4680000097,1.0
LinearRegression,0.983,1261565.44329,0,394,126156544.329,-1.7331044244526694,0,-2224985.982000008,1.0
LinearRegression,0.984,1262874.25928,0,394,126287425.928,-1.6311570503382278,0,-2094104.3830000013,1.0
LinearRegression,0.985,1264183.07468,0,394,126418307.468,-1.5292097221805578,0,-1963222.8430000097,1.0
LinearRegression,0.986,1265491.88963,0,394,126549188.963,-1.4272624290746494,0,-1832341.348000005,1.0
LinearRegression,0.987,1266800.7059300002,0,394,126680070.593,-1.3253150308134232,0,-1701459.7180000097,1.0
LinearRegression,0.988,1268109.51884,0,394,126810951.884,-1.2233678966088957,0,-1570578.427000001,1.0
LinearRegression,0.989,1269418.33544,0,394,126941833.54400001,-1.1214204749798284,0,-1439696.7669999897,1.0
LinearRegression,0.99,1270727.15175,0,394,127072715.175,-1.019473075939692,0,-1308815.1360000074,1.0
LinearRegression,0.991,1272035.9658500003,0,394,127203596.58500001,-0.9175258490426663,0,-1177933.725999996,1.0
LinearRegression,0.992,1273344.78168,0,394,127334478.16799998,-0.8155784873910998,0,-1047052.1430000216,1.0
LinearRegression,0.993,1274653.5966500002,0,394,127465359.66499999,-0.7136311927273264,0,-916170.6460000128,1.0
LinearRegression,0.994,1275962.41324,0,394,127596241.324,-0.6116837718772139,0,-785288.9870000035,1.0
LinearRegression,0.995,1277271.2278200001,0,394,127727122.78199999,-0.5097365075916294,0,-654407.5290000141,1.0
LinearRegression,0.996,1278580.0433900002,0,394,127858004.339,-0.407789166192174,0,-523525.97200000286,1.0
LinearRegression,0.997,1279888.85958,0,394,127988885.95799999,-0.30584177649918276,0,-392644.353000015,1.0
LinearRegression,0.998,1281197.67444,0,394,128119767.444,-0.20389449040363328,0,-261762.8669999987,1.0
LinearRegression,0.999,1282506.48714,0,394,128250648.71399999,-0.10194737255657671,0,-130881.59700001776,1.0
LinearRegression,1.0,1283815.30311,0,394,128381530.311,0.0,0,0.0,1.0
LinearRegression,1.001,1285124.11999,0,394,128512411.99899998,0.10194744343905437,0,130881.68799997866,1.0
LinearRegression,1.002,1286432.9350700001,0,394,128643293.507,0.20389474667104057,0,261763.19599999487,1.0
LinearRegression,1.003,1287741.75006,0,394,128774175.00599998,0.3058420428926345,0,392644.69499997795,1.0
LinearRegression,1.004,1289050.56644,0,394,128905056.64400001,0.4077894473852872,0,523526.3330000043,1.0
LinearRegression,1.005,1290359.3811,0,394,129035938.10999998,0.5097367179022871,0,654407.7989999801,1.0
LinearRegression,1.006,1291668.19607,0,394,129166819.607,0.6116840125660383,0,785289.2959999889,1.0
LinearRegression,1.007,1292977.01177,0,394,129297701.177,0.7136313640915493,0,916170.8659999967,1.0
LinearRegression,1.008,1294285.82605,0,394,129428582.60499999,0.8155786050092706,0,1047052.2939999849,1.0
LinearRegression,1.009,1295594.6425100002,0,394,129559464.25099999,0.9175260157333387,0,1177933.9399999827,1.0
LinearRegression,1.01,1296903.4571000002,0,394,129690345.71000001,1.0194732807978335,0,1308815.399000004,1.0
LinearRegression,1.011,1298212.27265,0,392,129821227.265,1.121420620639424,-2,1439696.9539999962,0.9848484848484849
LinearRegression,1.012,1299521.0886473,0,395,129952108.86473,1.2233679953224774,1,1570578.553729996,0.9974683544303797
LinearRegression,1.013,1300829.901912,0,395,130082990.19120002,1.3253151571556154,1,1701459.8802000135,0.9974683544303797
LinearRegression,1.014,1302138.718306,0,395,130213871.8306,1.4272625627387514,1,1832341.519599989,0.9974683544303797
LinearRegression,1.015,1303447.53308,0,395,130344753.30800001,1.529209842135515,1,1963222.9970000088,0.9974683544303797
LinearRegression,1.016,1304756.3500450002,0,395,130475635.0045,1.6311572921954731,1,2094104.6934999973,0.9974683544303797
LinearRegression,1.017,1306065.1642490001,0,395,130606516.4249,1.7331045271933299,1,2224986.113899991,0.9974683544303797
LinearRegression,1.018,1307373.980553,0,395,130737398.0553,1.8350519257660958,1,2355867.744299993,0.9974683544303797
LinearRegression,1.019,1308682.795097,0,395,130868279.5097,1.9369991872475234,1,2486749.198699996,0.9974683544303797
LinearRegression,1.02,1309991.610012,0,395,130999161.00119999,2.038946477627168,1,2617630.690199986,0.9974683544303797
LinearRegression,1.021,1311300.425306,0,395,131130042.5306,2.1408937975282205,1,2748512.219599992,0.9974683544303797
LinearRegression,1.022,1312609.24044,0,395,131260924.04399998,2.2428411049663977,1,2879393.7329999804,0.9974683544303797
LinearRegression,1.023,1313918.055805,0,395,131391805.58049999,2.344788430397826,1,3010275.2694999874,0.9974683544303797
LinearRegression,1.024,1315226.870659,0,395,131522687.06590001,2.4467357160260272,1,3141156.7549000084,0.9974683544303797
LinearRegression,1.025,1316535.688013,0,395,131653568.8013,2.548683196386259,1,3272038.4902999997,0.9974683544303797
LinearRegression,1.026,1317844.5022180001,0,395,131784450.2218,2.650630431462031,1,3402919.910799995,0.9974683544303797
LinearRegression,1.027,1319153.3165720003,0,395,131915331.6572,2.7525776781438305,1,3533801.3461999893,0.9974683544303797
LinearRegression,1.028,1320462.132836,0,395,132046213.2836,2.8545250736008887,1,3664682.972599998,0.9974683544303797
LinearRegression,1.029,1321770.948711,0,395,132177094.8711,2.956472438757629,1,3795564.560099989,0.9974683544303797
LinearRegression,1.03,1323079.762865,0,395,132307976.28650002,3.0584196698608457,1,3926445.9755000174,0.9974683544303797
LinearRegression,1.031,1324388.578919,0,395,132438857.8919,3.160367048960433,1,4057327.5808999985,0.9974683544303797
LinearRegression,1.032,1325697.3935500002,0,395,132569739.35499999,3.262314317218551,1,4188209.043999985,0.9974683544303797
LinearRegression,1.033,1327006.20952,0,395,132700620.95199999,3.3642616897751276,1,4319090.640999988,0.9974683544303797
LinearRegression,1.034,1328315.0247499999,0,395,132831502.475,3.46620900469099,1,4449972.16399999,0.9974683544303797
LinearRegression,1.035,1329623.83979,0,395,132962383.979,3.5681563048072684,1,4580853.667999998,0.9974683544303797
LinearRegression,1.036,1330932.6548300001,0,395,133093265.48300001,3.670103604923547,1,4711735.172000006,0.9974683544303797
LinearRegression,1.037,1332241.47062,0,395,133224147.06199999,3.7720509634594057,1,4842616.750999987,0.9974683544303797
LinearRegression,1.038,1333550.28541,0,395,133355028.54099998,3.873998244102461,1,4973498.229999974,0.9974683544303797
LinearRegression,1.039,1334859.1018304,0,404,133485910.18304,3.9759456517419745,10,5104379.872039989,0.9752475247524752
LinearRegression,1.04,1336167.9160973001,0,404,133616791.60973,4.07789289163929,10,5235261.298730001,0.9752475247524752
LinearRegression,1.041,1337476.731884,0,404,133747673.1884,4.17984024991811,10,5366142.877399996,0.9752475247524752
LinearRegression,1.042,1338785.547171,0,404,133878554.7171,4.281787569273887,10,5497024.40609999,0.9752475247524752
LinearRegression,1.043,1340094.360848,0,403,134009436.0848,4.383734763222247,9,5627905.773800001,0.9776674937965261
LinearRegression,1.044,1341403.176655,0,404,134140317.6655,4.485682123082291,10,5758787.354499996,0.9752475247524752
LinearRegression,1.045,1342711.993052,0,404,134271199.3052,4.5876295288991065,10,5889668.994200006,0.9752475247524752
LinearRegression,1.046,1344020.809119,0,404,134402080.9119,4.689576909011306,10,6020550.600900009,0.9752475247524752
LinearRegression,1.047,1345329.623356,0,405,134532962.33560002,4.791524146579618,11,6151432.024600014,0.9728395061728395
LinearRegression,1.048,1346638.439903,0,405,134663843.9903,4.893471564080354,11,6282313.679299995,0.9728395061728395
LinearRegression,1.049,1347947.25367,0,405,134794725.36699998,4.995418765039061,11,6413195.055999979,0.9728395061728395
LinearRegression,1.05,1349256.069977,0,404,134925606.9977,5.097366163845507,10,6544076.686700001,0.9752475247524752
LinearRegression,1.051,1350564.885234,0,405,135056488.5234,5.199313480864531,11,6674958.212400004,0.9728395061728395
LinearRegression,1.052,1351873.700281,0,405,135187370.02809998,5.30126078152604,11,6805839.7170999795,0.9728395061728395
LinearRegression,1.053,1353182.515427,0,405,135318251.5427,5.403208089898914,11,6936721.231699988,0.9728395061728395
LinearRegression,1.054,1354491.330964,0,405,135449133.0964,5.505155428727915,11,7067602.785399988,0.9728395061728395
LinearRegression,1.055,1355800.1450109999,0,405,135580014.5011,5.607102651496598,11,7198484.190099999,0.9728395061728395
LinearRegression,1.056,1357108.960928,0,405,135710896.09280002,5.709050019924877,11,7329365.781800017,0.9728395061728395
LinearRegression,1.057,1358417.776585,0,405,135841777.6585,5.810997368101001,11,7460247.3474999815,0.9728395061728395
LinearRegression,1.058,1359726.592532,0,404,135972659.2532,5.912944738866055,10,7591128.94219999,0.9752475247524752
LinearRegression,1.059,1361035.4070589999,0,406,136103540.70589998,6.014891999023275,12,7722010.394899979,0.9704433497536946
LinearRegression,1.06,1362344.2221300001,0,406,136234422.213,6.116839301554244,12,7852891.901999995,0.9704433497536946
LinearRegression,1.061,1363653.03795,0,406,136365303.79500002,6.218786662426901,12,7983773.484000012,0.9704433497536946
LinearRegression,1.062,1364961.85258,0,406,136496185.258,6.320733930607081,12,8114654.946999982,0.9704433497536946
LinearRegression,1.063,1366270.66764,0,406,136627066.764,6.422681232281202,12,8245536.452999994,0.9704433497536946
LinearRegression,1.064,1367579.48428,0,406,136757948.42799997,6.524628657025988,12,8376418.116999969,0.9704433497536946
LinearRegression,1.065,1368888.29963,0,405,136888829.963,6.626575981289018,11,8507299.651999995,0.9728395061728395
LinearRegression,1.066,1370197.11386,0,405,137019711.386,6.728523218312077,11,8638181.075000003,0.9728395061728395
LinearRegression,1.067,1371505.9287,0,406,137150592.87,6.8304705028497725,12,8769062.559,0.9704433497536946
LinearRegression,1.068,1372814.74587,0,406,137281474.587,6.932417968877758,12,8899944.276000008,0.9704433497536946
LinearRegression,1.069,1374123.56068,0,406,137412356.06800002,7.034365251078678,12,9030825.757000014,0.9704433497536946
LinearRegression,1.07,1375432.3756400002,0,406,137543237.564,7.136312544963519,12,9161707.253000006,0.9704433497536946
LinearRegression,1.071,1376741.18976,0,406,137674118.97599998,7.238259773418343,12,9292588.664999977,0.9704433497536946
LinearRegression,1.072,1378050.00562,0,406,137805000.56199998,7.340207137406729,12,9423470.250999972,0.9704433497536946
LinearRegression,1.073,1379358.82327,0,405,137935882.327,7.442154640823251,11,9554352.015999988,0.9728395061728395
LinearRegression,1.074,1380667.6365800002,0,405,138066763.658,7.544101806184944,11,9685233.346999988,0.9728395061728395
LinearRegression,1.075,1381976.45263,0,405,138197645.26299998,7.646049184972936,11,9816114.951999977,0.9728395061728395
LinearRegression,1.076,1383285.2669600002,0,405,138328526.69599998,7.747996429785298,11,9946996.384999976,0.9728395061728395
LinearRegression,1.077,1384594.0806999998,0,405,138459408.07,7.849943628640865,11,10077877.758999988,0.9728395061728395
LinearRegression,1.078,1385902.8990500001,0,405,138590289.90499997,7.951891186582394,11,10208759.593999967,0.9728395061728395
LinearRegression,1.079,1387211.7133900002,0,405,138721171.339,8.053838432173688,11,10339641.027999982,0.9728395061728395
LinearRegression,1.08,1388520.52943,0,405,138852052.943,8.155785810182747,11,10470522.631999984,0.9728395061728395
LinearRegression,1.081,1389829.34448,0,405,138982934.44799998,8.257733111077936,11,10601404.13699998,0.9728395061728395
LinearRegression,1.082,1391138.157511,0,404,139113815.7511,8.359680254707502,10,10732285.4401,0.9752475247524752
LinearRegression,1.083,1392446.975028,0,398,139244697.5028,8.46162774776429,4,10863167.191799983,0.9899497487437185
LinearRegression,1.084,1393755.7898920001,0,403,139375578.9892,8.563575034171421,9,10994048.678199992,0.9776674937965261
LinearRegression,1.085,1395064.604936,0,403,139506460.4936,8.66552233459923,9,11124930.182600006,0.9776674937965261
LinearRegression,1.086,1396373.418981,0,404,139637341.8981,8.767469557212149,10,11255811.587099984,0.9752475247524752
LinearRegression,1.087,1397682.235063,0,398,139768223.5063,8.869416938492702,4,11386693.195299998,0.9899497487437185
LinearRegression,1.088,1398991.051776,0,404,139899105.1776,8.971364368923673,10,11517574.866599992,0.9752475247524752
LinearRegression,1.089,1400299.86687,0,397,140029986.687,9.073311673246142,3,11648456.376000002,0.9924433249370277
LinearRegression,1.09,1401608.6809740001,0,398,140160868.09739998,9.175258900454741,4,11779337.786399975,0.9899497487437185
LinearRegression,1.091,1402917.496518,0,398,140291749.65179998,9.277206239828972,4,11910219.340799972,0.9899497487437185
LinearRegression,1.092,1404226.31256,0,397,140422631.256,9.37915361799384,3,12041100.945000008,0.9924433249370277
LinearRegression,1.093,1405535.12782,0,397,140553512.782,9.481100935246523,3,12171982.471,0.9924433249370277
LinearRegression,1.094,1406843.94264,0,397,140684394.264,9.583048218226352,3,12302863.952999994,0.9924433249370277
LinearRegression,1.095,1408152.75709,0,397,140815275.709,9.684995472385838,3,12433745.397999987,0.9924433249370277
LinearRegression,1.096,1409461.5732469999,0,398,140946157.3247,9.786942859508363,4,12564627.013699993,0.9899497487437185
LinearRegression,1.097,1410770.38809,0,397,141077038.80900002,9.88889014427976,3,12695508.49800001,0.9924433249370277
LinearRegression,1.098,1412079.20353,0,397,141207920.353,9.990837475553139,3,12826390.04199998,0.9924433249370277
LinearRegression,1.099,1413388.01947,0,397,141338801.947,10.09278484577294,3,12957271.635999992,0.9924433249370277
LinearRegression,1.1,1414696.8349300001,0,396,141469683.493,10.194732178604205,2,13088153.181999996,0.9849246231155779
XGBoost,0.9,1150774.263212,0,396,115077426.3212,-10.195096818453376,-6,-13064158.652799994,0.9511002444987775
XGBoost,0.901,1152080.6787,0,395,115208067.87,-10.093145879711262,-7,-12933517.103999987,0.9534313725490197
XGBoost,0.902,1153387.09516,0,395,115338709.516,-9.99119486511557,-7,-12802875.45799999,0.9534313725490197
XGBoost,0.903,1154693.51162,0,395,115469351.162,-9.889243850519879,-7,-12672233.811999992,0.9534313725490197
XGBoost,0.904,1155999.927989,0,396,115599992.79890001,-9.787292843025696,-6,-12541592.175099984,0.9511002444987775
XGBoost,0.905,1157306.3434,0,395,115730634.34,-9.685341910292589,-7,-12410950.633999988,0.9534313725490197
XGBoost,0.906,1158612.75957,0,395,115861275.95699999,-9.583390918328094,-7,-12280309.017000005,0.9534313725490197
XGBoost,0.907,1159919.1748570001,0,396,115991917.4857,-9.481439995271757,-6,-12149667.488299996,0.9511002444987775
XGBoost,0.908,1161225.5908599999,0,395,116122559.086,-9.37948901633976,-7,-12019025.887999997,0.9534313725490197
XGBoost,0.909,1162532.00723,0,395,116253200.72299999,-9.277538008767527,-7,-11888384.251000002,0.9534313725490197
XGBoost,0.91,1163838.422914,0,396,116383842.2914,-9.17558705472985,-6,-11757742.682599992,0.9511002444987775
XGBoost,0.911,1165144.83773,0,395,116514483.77299999,-9.073636168429744,-7,-11627101.201000005,0.9534313725490197
XGBoost,0.912,1166451.25435,0,395,116645125.435,-8.971685141347852,-7,-11496459.53899999,0.9582309582309583
XGBoost,0.913,1167757.6708611,0,395,116775767.08611001,-8.869734122764383,-7,-11365817.887889981,0.9630541871921182
XGBoost,0.914,1169064.08595,0,392,116906408.595,-8.767783215167524,-10,-11235176.378999993,0.9653465346534653
XGBoost,0.915,1170370.501329,0,396,117037050.1329,-8.665832284931628,-6,-11104534.841099992,0.9655172413793104
XGBoost,0.916,1171676.917147,0,396,117167691.71470001,-8.563881320436762,-6,-10973893.259299979,0.9655172413793104
XGBoost,0.917,1172983.332906,0,396,117298333.2906,-8.461930360546177,-6,-10843251.68339999,0.9655172413793104
XGBoost,0.918,1174289.749175,0,396,117428974.91749999,-8.359979360855874,-6,-10712610.056500003,0.9655172413793104
XGBoost,0.919,1175596.1659229998,0,396,117559616.5923,-8.25802832378505,-6,-10581968.381699994,0.9655172413793104
XGBoost,0.92,1176902.580472,0,396,117690258.0472,-8.156077458321265,-6,-10451326.926799998,0.9655172413793104
XGBoost,0.921,1178208.996681,0,396,117820899.6681,-8.05412646331326,-6,-10320685.305899993,0.9655172413793104
XGBoost,0.922,1179515.41248,0,396,117951541.248,-7.95217550030115,-6,-10190043.725999996,0.9655172413793104
XGBoost,0.923,1180821.8283779998,0,396,118082182.83780001,-7.850224529563199,-6,-10059402.136199981,0.9655172413793104
XGBoost,0.924,1182128.243717,0,396,118212824.3717,-7.748273602448852,-6,-9928760.602299988,0.9655172413793104
XGBoost,0.925,1183434.659566,0,396,118343465.9566,-7.646322635534775,-6,-9798119.017399997,0.9655172413793104
XGBoost,0.926,1184741.076634,0,396,118474107.6634,-7.54437157349156,-6,-9667477.310599998,0.9655172413793104
XGBoost,0.927,1186047.4921529999,0,396,118604749.2153,-7.442420632330283,-6,-9536835.758699998,0.9655172413793104
XGBoost,0.928,1187353.907852,0,396,118735390.7852,-7.340469677121996,-6,-9406194.188799992,0.9655172413793104
XGBoost,0.929,1188660.323041,0,396,118866032.3041,-7.238518761713475,-6,-9275552.669899985,0.9655172413793104
XGBoost,0.93,1189966.740009,0,396,118996674.0009,-7.136567707474118,-6,-9144910.973099992,0.9655172413793104
XGBoost,0.931,1191273.1551800002,0,396,119127315.518,-7.034616793470261,-6,-9014269.455999985,0.9655172413793104
XGBoost,0.932,1192579.57158,0,396,119257957.15799999,-6.932665783556913,-6,-8883627.816,0.9655172413793104
XGBoost,0.933,1193885.98648,0,396,119388598.648,-6.83071489070155,-6,-8752986.32599999,0.9655172413793104
XGBoost,0.934,1195192.40337,0,396,119519240.337,-6.728763842549224,-6,-8622344.636999995,0.9655172413793104
XGBoost,0.935,1196498.81879,0,396,119649881.879,-6.626812909113755,-6,-8491703.094999999,0.9655172413793104
XGBoost,0.936,1197805.23442,0,396,119780523.442,-6.524861959290151,-6,-8361061.53199999,0.9655172413793104
XGBoost,0.937,1199111.6510200002,0,396,119911165.102,-6.422910933769033,-6,-8230419.871999994,0.9655172413793104
XGBoost,0.938,1200418.0665000002,0,396,120041806.65,-6.3209599956512434,-6,-8099778.323999986,0.9655172413793104
XGBoost,0.939,1201724.48293,0,396,120172448.29300001,-6.219008983396723,-6,-7969136.680999979,0.9655172413793104
XGBoost,0.94,1203030.89731,0,396,120303089.73099999,-6.117058131121478,-6,-7838495.243000001,0.9655172413793104
XGBoost,0.941,1204337.31498,0,396,120433731.498,-6.0151070220989755,-6,-7707853.475999996,0.9655172413793104
XGBoost,0.942,1205643.7299700002,0,394,120564372.99700001,-5.91315612222012,-8,-7577211.976999983,0.9702970297029703
XGBoost,0.943,1206950.1448400002,0,394,120695014.48399998,-5.811205231705918,-8,-7446570.49000001,0.9702970297029703
XGBoost,0.944,1208256.5602799999,0,394,120825656.028,-5.709254296709709,-8,-7315928.945999995,0.9702970297029703
XGBoost,0.945,1209562.9777199998,0,394,120956297.772,-5.607303205636105,-8,-7185287.201999992,0.9702970297029703
XGBoost,0.946,1210869.39413,0,394,121086939.41300002,-5.505352194942336,-8,-7054645.560999975,0.9702970297029703
XGBoost,0.947,1212175.80878,0,394,121217580.87799999,-5.403401321596634,-8,-6924004.096000001,0.9702970297029703
XGBoost,0.948,1213482.2240499998,0,394,121348222.405,-5.30145039986698,-8,-6793362.568999991,0.9702970297029703
XGBoost,0.949,1214788.6406800002,0,394,121478864.06799999,-5.199499372004679,-8,-6662720.906000003,0.9702970297029703
XGBoost,0.95,1216095.05682,0,394,121609505.682,-5.097548382381378,-8,-6532079.291999996,0.9702970297029703
XGBoost,0.951,1217401.4713400002,0,394,121740147.134,-4.995597519180706,-8,-6401437.839999989,0.9702970297029703
XGBoost,0.952,1218707.88747,0,394,121870788.74700001,-4.893646530337792,-8,-6270796.226999983,0.9702970297029703
XGBoost,0.953,1220014.3037999999,0,394,122001430.38,-4.79169552588713,-8,-6140154.593999997,0.9702970297029703
XGBoost,0.954,1221320.72022,0,394,122132072.02199998,-4.689744514412963,-8,-6009512.952000007,0.9702970297029703
XGBoost,0.955,1222627.13545,0,394,122262713.545,-4.587793595804857,-8,-5878871.42899999,0.9702970297029703
XGBoost,0.956,1223933.5516,0,394,122393355.16000003,-4.485842605401147,-8,-5748229.813999966,0.9702970297029703
XGBoost,0.957,1225239.96725,0,394,122523996.725,-4.38389165401677,-8,-5617588.248999998,0.9702970297029703
XGBoost,0.958,1226546.38306,0,394,122654638.30599998,-4.281940690146224,-8,-5486946.668000013,0.9702970297029703
XGBoost,0.959,1227852.79987,0,394,122785279.987,-4.179989648236981,-8,-5356304.986999989,0.9702970297029703
XGBoost,0.96,1229159.2149299998,0,394,122915921.493,-4.078038742895451,-8,-5225663.480999991,0.9702970297029703
XGBoost,0.961,1230465.6306399999,0,394,123046563.06400001,-3.9760877868287636,-8,-5095021.9099999815,0.9702970297029703
XGBoost,0.962,1231772.04684,0,394,123177204.68400002,-3.8741367925231085,-8,-4964380.289999977,0.9702970297029703
XGBoost,0.963,1233078.46125,0,394,123307846.125,-3.7721859379067135,-8,-4833738.848999992,0.9702970297029703
XGBoost,0.964,1234384.87805,0,394,123438487.80499998,-3.6702348967778575,-8,-4703097.169000015,0.9702970297029703
XGBoost,0.965,1235691.2950851,0,403,123569129.50851,-3.568283837302111,1,-4572455.465489998,0.9586374695863747
XGBoost,0.966,1236997.7101113,0,403,123699771.01113,-3.466332934598282,1,-4441813.962869987,0.9586374695863747
XGBoost,0.967,1238304.125898,0,403,123830412.5898,-3.3643819725460156,1,-4311172.384199992,0.9586374695863747
XGBoost,0.968,1239610.542504,0,403,123961054.2504,-3.2624309465566714,1,-4180530.7235999852,0.9586374695863747
XGBoost,0.969,1240916.95743,0,403,124091695.743,-3.160480051672321,1,-4049889.2309999913,0.9586374695863747
XGBoost,0.97,1242223.373166,0,403,124222337.3166,-3.058529093576623,1,-3919247.657399997,0.9586374695863747
XGBoost,0.971,1243529.789083,0,403,124352978.90830001,-2.956578121355924,1,-3788606.0656999797,0.9586374695863747
XGBoost,0.972,1244836.205539,0,403,124483620.55389999,-2.8546271070723828,1,-3657964.4201000035,0.9586374695863747
XGBoost,0.973,1246142.621275,0,403,124614262.1275,-2.752676148976685,1,-3527322.8464999944,0.9586374695863747
XGBoost,0.974,1247449.036151,0,403,124744903.6151,-2.6507252579942575,1,-3396681.3588999957,0.9586374695863747
XGBoost,0.975,1248755.4528879998,0,403,124875545.28880002,-2.5487742217818687,1,-3266039.685199976,0.9586374695863747
XGBoost,0.976,1250061.8686239999,0,403,125006186.8624,-2.446823263686171,1,-3135398.1115999967,0.9586374695863747
XGBoost,0.977,1251368.2854499999,0,403,125136828.545,-2.3448722205283157,1,-3004756.42899999,0.9586374695863747
XGBoost,0.978,1252674.699606,0,403,125267469.96059999,-2.2429213857337205,1,-2874115.0134000033,0.9586374695863747
XGBoost,0.979,1253981.116583,0,403,125398111.65830001,-2.140970330792036,1,-2743473.3156999797,0.9634146341463414
XGBoost,0.98,1255287.5324090002,0,404,125528753.24090001,-2.039019365672834,2,-2612831.733099982,0.9610705596107056
XGBoost,0.981,1256593.947795,0,404,125659394.7795,-1.9370684348907097,2,-2482190.1944999993,0.9610705596107056
XGBoost,0.982,1257900.363591,0,404,125790036.35909998,-1.8351174721126906,2,-2351548.614900008,0.9610705596107056
XGBoost,0.983,1259206.779908,0,404,125920677.9908,-1.733166468676517,2,-2220906.9831999987,0.9610705596107056
XGBoost,0.984,1260513.195614,0,404,126051319.56140001,-1.6312155129219796,2,-2090265.4125999808,0.9610705596107056
XGBoost,0.985,1261819.6115700002,0,403,126181961.157,-1.5292645376577707,1,-1959623.8169999868,0.9682151589242054
XGBoost,0.986,1263126.02681,0,403,126312602.681,-1.427313618269277,1,-1828982.2929999977,0.9682151589242054
XGBoost,0.987,1264432.4426830001,0,395,126443244.2683,-1.3253626494822757,-7,-1698340.7056999952,0.9776674937965261
XGBoost,0.988,1265738.85929,0,403,126573885.929,-1.223411623414894,1,-1567699.044999987,0.9682151589242054
XGBoost,0.989,1267045.27472,0,403,126704527.472,-1.1214606891990386,1,-1437057.5019999892,0.9682151589242054
XGBoost,0.99,1268351.68939,0,402,126835168.93899998,-1.0195098142925851,0,-1306416.0350000113,1.0
XGBoost,0.991,1269658.1068199999,0,402,126965810.682,-0.9175587239993788,0,-1175774.2919999957,1.0
XGBoost,0.992,1270964.52348,0,402,127096452.348,-0.8156076937959389,0,-1045132.6259999871,1.0
XGBoost,0.993,1272270.93783,0,402,127227093.78299999,-0.713656843861854,0,-914491.1909999996,1.0
XGBoost,0.994,1273577.35327,0,402,127357735.32699999,-0.6117059088656007,0,-783849.6469999999,1.0
XGBoost,0.995,1274883.7696500001,0,402,127488376.965,-0.5097549005129931,0,-653208.0089999884,1.0
XGBoost,0.996,1276190.18558,0,402,127619018.558,-0.40780392727780557,0,-522566.4159999937,1.0
XGBoost,0.997,1277496.60126,0,402,127749660.126,-0.3058529735522897,0,-391924.84799999,1.0
XGBoost,0.998,1278803.01609,0,402,127880301.60899998,-0.20390208615962413,0,-261283.36500000954,1.0
XGBoost,0.999,1280109.43312,0,402,128010943.312,-0.10195102708189241,0,-130641.66199998558,1.0
XGBoost,1.0,1281415.84974,0,402,128141584.97399999,0.0,0,0.0,1.0
XGBoost,1.001,1282722.26412,0,402,128272226.412,0.10195085227524547,0,130641.43800000846,1.0
XGBoost,1.002,1284028.6812800001,0,402,128402868.128,0.20390192149803976,0,261283.15400001407,1.0
XGBoost,1.003,1285335.09613,0,402,128533509.613,0.30585281045143464,0,391924.63900001347,1.0
XGBoost,1.004,1286641.51186,0,402,128664151.18600002,0.40780376807889596,0,522566.2120000273,1.0
XGBoost,1.005,1287947.9287200002,0,402,128794792.872,0.5097548138900843,0,653207.8980000019,1.0
XGBoost,1.006,1289254.344183,0,401,128925434.4183,0.6117057506812129,-1,783849.4443000108,0.972972972972973
XGBoost,1.007,1290560.7596220002,0,400,129056075.9622,0.7136566855994175,-2,914490.9882000089,0.9753694581280788
XGBoost,1.008,1291867.1758980001,0,401,129186717.5898,0.8156076858359951,-1,1045132.6158000082,0.972972972972973
XGBoost,1.009,1293173.591606,0,401,129317359.1606,0.9175586417466075,-1,1175774.1866000146,0.972972972972973
XGBoost,1.01,1294480.00805247,0,402,129448000.805247,1.0195096552864324,0,1306415.831247002,0.9705882352941176
XGBoost,1.011,1295786.4226146,0,402,129578642.26146,1.121460521774864,0,1437057.2874600142,0.9705882352941176
XGBoost,1.012,1297092.839287,0,402,129709283.92870001,1.2234115529459855,0,1567698.954700023,0.9705882352941176
XGBoost,1.013,1298399.254801,0,401,129839925.4801,1.325362493717086,-1,1698340.5061000139,0.972972972972973
XGBoost,1.014,1299705.669874,0,401,129970566.9874,1.4273134000731158,-1,1828982.0134000033,0.972972972972973
XGBoost,1.015,1301012.0878030001,0,402,130101208.7803,1.5292645293076612,0,1959623.8063000143,0.9705882352941176
XGBoost,1.016,1302318.5027410001,0,401,130231850.2741,1.631215425128496,-1,2090265.3001000136,0.972972972972973
XGBoost,1.017,1303624.917425,0,401,130362491.74249999,1.7331663011274978,-1,2220906.7685000002,0.972972972972973
XGBoost,1.018,1304931.334629,0,395,130493133.46290001,1.8351173737839455,-7,2351548.4889000207,0.9776674937965261
XGBoost,1.019,1306237.748801,0,395,130623774.88010001,1.937068209827153,-7,2482189.90610002,0.9776674937965261
XGBoost,1.02,1307544.166823,0,395,130754416.6823,2.0390193463192707,-7,2612831.7083000094,0.9776674937965261
XGBoost,1.021,1308850.5815460002,0,395,130885058.1546,2.1409702253617935,-7,2743473.1806000024,0.9776674937965261
XGBoost,1.022,1310156.998098,0,395,131015699.8098,2.242921247137031,-7,2874114.835800007,0.9776674937965261
XGBoost,1.023,1311463.41338,0,395,131146341.338,2.3448721698031694,-7,3004756.3640000075,0.9776674937965261
XGBoost,1.024,1312769.8290420002,0,395,131276982.90419999,2.446823122124009,-7,3135397.9301999956,0.9776674937965261
XGBoost,1.025,1314076.2442339999,0,395,131407624.42339998,2.5487740377666324,-7,3266039.449399993,0.9776674937965261
XGBoost,1.026,1315382.659926,0,395,131538265.9926,2.6507249924286436,-7,3396681.018600002,0.9776674937965261
XGBoost,1.027,1316689.077058,0,395,131668907.7058,2.7526760594663413,-7,3527322.731800005,0.9776674937965261
XGBoost,1.028,1317995.4940050002,0,396,131799549.4005,2.8546271120668765,-6,3657964.4265000075,0.9752475247524752
XGBoost,1.029,1319301.908952,0,395,131930190.89519998,2.9565780085900384,-7,3788605.9211999923,0.9776674937965261
XGBoost,1.03,1320608.324864,0,395,132060832.48640001,3.0585289804205384,-7,3919247.512400016,0.9776674937965261
XGBoost,1.031,1321914.74039,0,395,132191474.039,3.160479922128112,-7,4049889.0650000125,0.9776674937965261
XGBoost,1.032,1323221.1554800002,0,395,132322115.548,3.262430829810836,-7,4180530.574000001,0.9776674937965261
XGBoost,1.033,1324527.57233,0,395,132452757.233,3.3643818748416043,-7,4311172.259000003,0.9776674937965261
XGBoost,1.034,1325833.98811,0,395,132583398.811,3.466332836370989,-7,4441813.837000012,0.9776674937965261
XGBoost,1.035,1327140.40435,0,395,132714040.435,3.5682838337981693,-7,4572455.46100001,0.9776674937965261
XGBoost,1.036,1328446.81856,0,395,132844681.85599999,3.670234672806849,-7,4703096.881999999,0.9776674937965261
XGBoost,1.037,1329753.23551,0,395,132975323.551,3.772185725641508,-7,4833738.577000007,0.9776674937965261
XGBoost,1.038,1331059.65173,0,395,133105965.17300001,3.8741367215079148,-7,4964380.199000016,0.9776674937965261
XGBoost,1.039,1332366.06695,0,395,133236606.69500001,3.976087639335635,-7,5095021.721000016,0.9776674937965261
XGBoost,1.04,1333672.4816700001,0,395,133367248.16700001,4.078038518144056,-7,5225663.193000019,0.9776674937965261
XGBoost,1.041,1334978.8990000002,0,395,133497889.89999999,4.179989600633416,-7,5356304.925999999,0.9776674937965261
XGBoost,1.042,1336285.3144399999,0,395,133628531.444,4.281940535629625,-7,5486946.470000014,0.9776674937965261
XGBoost,1.043,1337591.73022,0,395,133759173.022,4.3838914971590315,-7,5617588.048000008,0.9776674937965261
XGBoost,1.044,1338898.14695,0,395,133889814.695,4.485842532825179,-7,5748229.721000001,0.9776674937965261
XGBoost,1.045,1340204.56219,0,395,134020456.21899998,4.587793452213673,-7,5878871.24499999,0.9776674937965261
XGBoost,1.046,1341510.9775300003,0,395,134151097.75299999,4.68974437940608,-7,6009512.778999999,0.9776674937965261
XGBoost,1.047,1342817.3934300002,0,395,134281739.343,4.791695350300107,-7,6140154.369000003,0.9776674937965261
XGBoost,1.048,1344123.81005,0,395,134412381.005,4.893646377381988,-7,6270796.031000003,0.9776674937965261
XGBoost,1.049,1345430.22481,0,395,134543022.481,4.995597259311935,-7,6401437.507000014,0.9776674937965261
XGBoost,1.05,1346736.64158,0,395,134673664.158,5.097548298099608,-7,6532079.184,0.9776674937965261
XGBoost,1.051,1348043.0570099999,0,395,134804305.701,5.199499232315463,-7,6662720.727000013,0.9776674937965261
XGBoost,1.052,1349349.47296,0,395,134934947.296,5.3014502071114356,-7,6793362.322000012,0.9776674937965261
XGBoost,1.053,1350655.88955,0,395,135065588.95499998,5.403401231852167,-7,6924003.980999991,0.9776674937965261
XGBoost,1.054,1351962.3048999999,0,395,135196230.49,5.5053521598249056,-7,7054645.5160000175,0.9776674937965261
XGBoost,1.055,1353268.7203700002,0,395,135326872.037,5.607303097162353,-7,7185287.063000008,0.9776674937965261
XGBoost,1.056,1354575.1371900002,0,395,135457513.719,5.709254139851971,-7,7315928.74500002,0.9776674937965261
XGBoost,1.057,1355881.55193,0,395,135588155.19300002,5.811205020221122,-7,7446570.219000027,0.9776674937965261
XGBoost,1.058,1357187.96808,0,395,135718796.80799997,5.9131560106248315,-7,7577211.8339999765,0.9776674937965261
XGBoost,1.059,1358494.38363,0,395,135849438.363,6.015106954205329,-7,7707853.3890000135,0.9776674937965261
XGBoost,1.06,1359800.7991600002,0,396,135980079.916,6.1170578962250755,-6,7838494.942000017,0.9752475247524752
XGBoost,1.061,1361107.2154,0,396,136110721.54000002,6.219008893652256,-6,7969136.566000029,0.9752475247524752
XGBoost,1.062,1362413.6316799999,0,396,136241363.16799998,6.3209598942009615,-6,8099778.193999991,0.9752475247524752
XGBoost,1.063,1363720.04824,0,396,136372004.824,6.422910916600544,-6,8230419.850000009,0.9752475247524752
XGBoost,1.064,1365026.46389,0,396,136502646.389,6.52486186798491,-6,8361061.415000007,0.9752475247524752
XGBoost,1.065,1366332.8799200002,0,396,136633287.99199998,6.6268128490239775,-6,8491703.017999992,0.9752475247524752
XGBoost,1.066,1367639.29558,0,396,136763929.55799997,6.72876380118872,-6,8622344.583999977,0.9752475247524752
XGBoost,1.067,1368945.70999,0,396,136894570.999,6.830714655805115,-6,8752986.02500002,0.9752475247524752
XGBoost,1.068,1370252.1270400002,0,396,137025212.704,6.9326657164436645,-6,8883627.730000004,0.9752475247524752
XGBoost,1.069,1371558.543,0,396,137155854.3,7.034616692020013,-6,9014269.32600002,0.9752475247524752
XGBoost,1.07,1372864.95785,0,396,137286495.785,7.13656758097343,-6,9144910.811000004,0.9752475247524752
XGBoost,1.071,1374171.37401,0,396,137417137.401,7.238518572157515,-6,9275552.427000001,0.9752475247524752
XGBoost,1.072,1375477.78957,0,396,137547778.95700002,7.340469516518411,-6,9406193.983000025,0.9752475247524752
XGBoost,1.073,1376784.20619,0,396,137678420.61900002,7.442420543600292,-6,9536835.645000026,0.9752475247524752
XGBoost,1.074,1378090.62156,0,396,137809062.15600002,7.5443714731338485,-6,9667477.182000026,0.9752475247524752
XGBoost,1.075,1379397.03668,0,396,137939703.66799998,7.6463223831577,-6,9798118.69399999,0.9752475247524752
XGBoost,1.076,1380703.45335,0,396,138070345.33499998,7.748273414141527,-6,9928760.360999987,0.9752475247524752
XGBoost,1.077,1382009.87017,0,396,138200987.01700002,7.850224456831145,-6,10059402.043000028,0.9752475247524752
XGBoost,1.078,1383316.28465,0,396,138331628.465,7.952175316910259,-6,10190043.491000012,0.9752475247524752
XGBoost,1.079,1384622.70118,0,396,138462270.118,8.05412633696867,-6,10320685.144000009,0.9752475247524752
XGBoost,1.08,1385929.11733,0,396,138592911.733,8.156077327372358,-6,10451326.759000018,0.9752475247524752
XGBoost,1.081,1387235.53338,0,396,138723553.338,8.258028309972198,-6,10581968.364000008,0.9752475247524752
XGBoost,1.082,1388541.9484200003,0,396,138854194.842,8.359979213753,-6,10712609.868000016,0.9752475247524752
XGBoost,1.083,1389848.36478,0,396,138984836.478,8.4619302205448,-6,10843251.503999993,0.9752475247524752
XGBoost,1.084,1391154.78101,0,396,139115478.101,8.563881217191604,-6,10973893.127000019,0.9752475247524752
XGBoost,1.085,1392461.19649,0,396,139246119.649,8.665832155309383,-6,11104534.674999997,0.9752475247524752
XGBoost,1.086,1393767.6118,0,396,139376761.18,8.76778308016062,-6,11235176.206000015,0.9752475247524752
XGBoost,1.087,1395074.02816,0,396,139507402.81599998,8.869734086952441,-6,11365817.841999993,0.9752475247524752
XGBoost,1.088,1396380.44313,0,396,139638044.313,8.9716849852705,-6,11496459.339000002,0.9752475247524752
XGBoost,1.089,1397686.85866,0,396,139768685.866,9.073635927290225,-6,11627100.892000005,0.9752475247524752
XGBoost,1.09,1398993.27581,0,396,139899327.581,9.17558699573262,-6,11757742.607000008,0.9752475247524752
XGBoost,1.091,1400299.6908800001,0,396,140029969.088,9.277537901854549,-6,11888384.114000008,0.9752475247524752
XGBoost,1.092,1401606.10769,0,396,140160610.769,9.37948894376377,-6,12019025.795000002,0.9752475247524752
XGBoost,1.093,1402912.5223,0,396,140291252.23000002,9.481439813987924,-6,12149667.256000027,0.9752475247524752
XGBoost,1.094,1404218.93849,0,396,140421893.84899998,9.583390807513181,-6,12280308.874999985,0.9752475247524752
XGBoost,1.095,1405525.35375,0,396,140552535.375,9.685341728462472,-6,12410950.401000008,0.9752475247524752
XGBoost,1.096,1406831.77104,0,396,140683177.10399997,9.787292807830262,-6,12541592.12999998,0.9752475247524752
XGBoost,1.097,1408138.18545,0,396,140813818.54500002,9.889243662446656,-6,12672233.571000025,0.9752475247524752
XGBoost,1.098,1409444.6020499999,0,396,140944460.20499998,9.991194687967763,-6,12802875.230999991,0.9752475247524752
XGBoost,1.099,1410751.01657,0,396,141075101.657,10.093145551168426,-6,12933516.683000013,0.9752475247524752
XGBoost,1.1,1412057.43411,0,396,141205743.411,10.195096650045897,-6,13064158.437000021,0.9752475247524752
